time,open,high,low,close,volume,Volume MA
1509926400,1.5,1.799,0.5,1.571,120615.34,NaN
1510012800,1.571,1.8,1.5389,1.8,134129.73,NaN
1510099200,1.8,1.99,1.7479,1.9889,347290.26,NaN
1510185600,1.9889,2.1997,1.9,1.99,287037.2,NaN
1510272000,1.99,2.02,1.6019,1.7133,484658.9,NaN
1510358400,1.7133,1.925,1.58,1.655,258838.37,NaN
1510444800,1.6567,1.7,1.34,1.49,457159.72,NaN
1510531200,1.49,1.7381,1.49,1.68,166770.73,NaN
1510617600,1.68,1.7381,1.5321,1.5911,177246.45,NaN
1510704000,1.5911,1.6794,1.49,1.5532,297638.34,NaN
1510790400,1.5533,1.6699,1.511,1.5599,198029.66,NaN
1510876800,1.5599,1.5765,1.49,1.5041,419446.58,NaN
1510963200,1.5041,1.6699,1.492,1.6699,172099.86,NaN
1511049600,1.6699,1.6948,1.575,1.6,179701.62,NaN
1511136000,1.6,1.6522,1.5605,1.64,159737.16,NaN
1511222400,1.64,1.6419,1.54,1.5874,413447.37,NaN
1511308800,1.5874,1.6211,1.5556,1.6158,196457.62,NaN
1511395200,1.6158,1.618,1.5388,1.57,184458.49,NaN
1511481600,1.57,1.8187,1.54,1.7292,644218.58,NaN
1511568000,1.712,1.9588,1.68,1.87,475443.08,288721.2530000001
1511654400,1.87,1.91,1.76,1.8388,193666.26,292373.79900000006
1511740800,1.8388,1.9532,1.74,1.9532,480695.73,309702.09900000005
1511827200,1.9532,1.9532,1.801,1.9249,359515.94,310313.38300000003
1511913600,1.9248,2.0486,1.55,1.7565,935739.25,342748.48550000007
1512000000,1.7641,2.038,1.71,1.95,748118.06,355921.44350000005
1512086400,1.95,2.1385,1.8801,2.0527,321456.28,359052.33900000004
1512172800,2.0527,2.1199,1.975,2.0797,241150.68,348251.88700000005
1512259200,2.0797,2.4,2.0438,2.2617,346006.6,357213.6805
1512345600,2.2617,2.5898,2.2617,2.55,376189.81,367160.84849999996
1512432000,2.55,2.75,2.5,2.612,428655.47,373711.70499999996
1512518400,2.612,2.8,2.3272,2.5497,379804.72,382800.458
1512604800,2.5497,2.84,2.4001,2.6625,533041.36,388480.197
1512691200,2.6489,2.8,2.206,2.79,649804.35,412365.42149999994
1512777600,2.79,2.81,2.1777,2.65,477891.4,427274.91049999994
1512864000,2.649,2.6648,2.1315,2.4616,562211.93,447398.6489999999
1512950400,2.4616,2.78,2.4505,2.69,381661.55,445809.358
1513036800,2.69,2.7397,2.4545,2.5549,542296.89,463101.3215000001
1513123200,2.5548,2.74,2.265,2.7194,701873.46,488972.07
1513209600,2.7194,3.1521,2.6981,3.1518,998266.09,506674.44550000003
1513296000,3.1025,4.399,2.99,4.1913,919813.36,528892.9595
1513382400,4.1913,4.7201,3.8172,4.6378,775365.61,557977.9269999999
1513468800,4.63,6.7,4.596,6.08,1558171.04,611851.6924999999
1513555200,6.08,6.1,4.75,6,1427662.07,665258.999
1513641600,5.98,6.463,5.2725,5.6999,1784870.53,707715.5629999998
1513728000,5.69,5.7,4.68,5.1502,1397302.05,740174.7625
1513814400,5.1819,5.6899,4.42,5.1596,996548.76,773929.3864999999
1513900800,5.1596,5.1996,3.25,4.2912,1599471.66,841845.4354999999
1513987200,4.2912,4.998,4.17,4.4,964500.62,872770.1364999998
1514073600,4.4,5.2,3.8,5.181,1047106.95,906315.9934999999
1514160000,5.1899,6.88,5.029,6.4631,1480881.6,958927.3
1514246400,6.4631,10.793,6.35,9.254,3081660.72,1094020.1
1514332800,9.2861,11.3,8.2605,10.0731,2851073.22,1209921.693
1514419200,10.07,10.25,7.8,9.25,2593236.47,1307093.2989999999
1514505600,9.28,9.802,8.39,8.7094,1401565.33,1353276.9954999997
1514592000,8.6808,8.7094,6.9301,7.5947,1648305.01,1407581.6494999998
1514678400,7.5783,8.798,7.5175,8.53,1289214.15,1452959.2794999997
1514764800,8.5478,8.7,7.8,8.45,654338.84,1458561.3769999999
1514851200,8.45,9.1133,8.0922,8.715,1262633.42,1486599.3749999995
1514937600,8.7151,9.4697,8.2653,9.304,947392.65,1484055.7029999995
1515024000,9.304,9.6511,8.5595,9.143,964494.94,1486289.7819999997
1515110400,9.135,16.8172,8.9651,14.8908,2764977.04,1585770.3534999997
1515196800,14.8908,23.6,14.6999,22.6,3130487.21999999,1664386.1624999992
1515283200,22.6,22.6599,18.05,18.594,1543764.49,1670191.2834999994
1515369600,18.5375,19.2999,14.0018,17.9971,2112065.22,1686551.0179999992
1515456000,18.04,20.6114,16.435,17.399,1309277.95,1682149.8129999996
1515542400,17.3992,17.5554,14.6004,17.5,1172651.15,1690954.9324999996
1515628800,17.5,23.1079,13.66,21.2024,3542366.83,1788099.6909999996
1515715200,21.1022,25.18,19.1,22.1999,2902338.37,1884991.5784999996
1515801600,22.1999,23.4998,21.04,22.0246,1080455.71,1886659.0164999994
1515888000,22.0252,22.1,18.21,20.4541,1384083.33,1881819.1029999994
1515974400,20.4546,23.231,19.0113,19.3396,2288556.77,1842163.9054999996
1516060800,19.4376,19.4475,9.89,13.1996,9933431.45,2196281.8169999993
1516147200,13.0262,15.7,9.4001,14.1998,9971697.17000003,2565204.852000001
1516233600,14.1191,15.9,13.0203,14.1397,6699252.36999999,2830089.204000001
1516320000,14.0405,15.4799,13.501,14.9447,3004070.17,2897877.4620000008
1516406400,14.9447,16.68,14.8249,16.1712,2617140.33,2964273.7710000006
1516492800,16.1602,16.26,13.0339,14.1334,3318363.34000001,3097474.996000001
1516579200,14.1334,14.4978,11.6101,12.91,2873190.83,3178002.866500001
1516665600,12.9149,13.9,11.637,13.1022,2335831.96,3247424.8320000013
1516752000,13.1494,14.3,12.6,13.8,1947186.76,3296559.4230000013
1516838400,13.7998,14.1516,13.01,13.1905,1427643.05,3229692.7235000012
1516924800,13.1905,13.5989,12.01,13.1344,1788845.56,3162610.6405000016
1517011200,13.169,13.551,12.85,13.3994,992878.39,3135066.3355000014
1517097600,13.3991,14.0235,13.3,13.7739,1377401.9,3098333.1695000017
1517184000,13.7739,13.87,12.739,12.815,857953.21,3075766.9325000015
1517270400,12.8295,12.98,11.11,11.4749,1322539.56,3083261.3530000015
1517356800,11.46,11.5483,10.553,11.3131,947115.48,2953498.7855000016
1517443200,11.3131,11.45,8.63,9.5138,2169016.01,2916832.6675000014
1517529600,9.5138,10.749,7.3,9.7484,4023356.31,3063977.6975000016
1517616000,9.7485,10.354,8.5818,9.7252,2348921.72,3112219.6170000015
1517702400,9.7497,9.7527,8.012,8.3511,2015678.77,3098575.7170000016
1517788800,8.4003,8.6005,6.0801,6.7315,3127797.46,2758294.017500002
1517875200,6.7216,8.6,5.5233,8.263,6158895.87,2567653.9525
1517961600,8.2502,9.236,7.28,8.0647,4409272.79999999,2453154.9740000004
1518048000,8.0979,8.3887,8.0012,8.2791,91986.49,2307550.79
1518134400,8.2791,10,8.279,9.85,2407420.63,2297064.8050000006
1518220800,9.85,10.4444,8.767,9.2448,3348364.42,2298564.859
1518307200,9.2501,9.5,8.02,8.674,3021732.48,2305991.9414999997
1518393600,8.6739,9.4348,8.659,9.3389,1912462.38,2284823.4625
1518480000,9.339,9.36,8.7306,9.016,1365850.96,2255756.6725000003
1518566400,9.0001,10.65,8.953,10.4096,2568177.67,2312783.4035000005
1518652800,10.4063,11.29,9.9784,10.8661,4236021.22,2435142.1865000003
1518739200,10.8784,11.25,10.3,11.25,1968986.94,2483947.614
1518825600,11.2054,11.8461,10.85,11.66,2278513.2,2529003.1790000005
1518912000,11.6827,11.6827,10.5819,10.6631,2183910.15,2595301.026
1518998400,10.6631,11.1899,10.5398,11.0601,1336755.03,2596011.7995
1519084800,11.0699,11.2,9.68,9.8888,2357501.48,2666531.0995
1519171200,9.8888,10.2252,9.045,9.3799,2277445.93,2671952.5955000003
1519257600,9.395,9.8129,8.6203,8.86,1792778.94,2560423.727
1519344000,8.8474,9.7301,8.6,9.693,1621549.49,2524055.1155000003
1519430400,9.7,9.8379,8.6902,9.0873,1356848.25,2491113.5895
1519516800,9.1161,9.47,8.9,9.35,888973.06,2379172.3695
1519603200,9.3677,10.0999,9.09,9.9199,1266163.05,2134535.7285
1519689600,9.9199,11.1111,9.7713,10.56,2377225.58,2032933.3675000004
1519776000,10.56,11.1743,10.3295,10.4536,1610363.07,2108852.1965000005
1519862400,10.4641,10.68,10.3245,10.4768,1224834.48,2049722.889
1519948800,10.4715,10.585,10.1136,10.2348,710198.47,1917814.5914999999
1520035200,10.2347,10.4694,10.1171,10.2399,636280.81,1798542.0080000001
1520121600,10.2399,10.4239,9.8501,10.4139,563915.27,1731114.6525000003
1520208000,10.4139,10.4533,10.0847,10.0847,467389.77,1686191.5930000003
1520294400,10.084,10.134,9.1025,9.3899,939994.7,1604782.4445000004
1520380800,9.3899,10.2114,8.11,9.0405,2930631.06,1539512.9365000005
1520467200,9.0446,9.1921,8.0211,8.2703,1878677.62,1534997.4705000005
1520553600,8.2703,8.3421,7.06,8.2807,1949612.67,1518552.4440000006
1520640000,8.2951,8.3498,7.5553,7.65,2213393.39,1520026.6060000008
1520726400,7.65,8.423,7.2,8.268,2660649.85,1586221.3470000008
1520812800,8.2679,8.4988,7.66,8.034,2529859.67000001,1594839.2565000015
1520899200,8.0204,11,7.8055,10.2188,7227864.56,1842360.1880000015
1520985600,10.1999,10.6753,8.5,8.9243,5154134.61999999,2010427.972000001
1521072000,8.915,9.4486,8.3,9.1047,4274358.77,2143068.436000001
1521158400,9.1074,9.38,8.55,9.0645,4046429.23,2277547.485000001
1521244800,9.1043,9.471,8.6245,8.9231,3951199.27000001,2430658.7955000014
1521331200,8.9256,8.98,7.8,8.9648,3959581.29,2565329.7075000014
1521417600,8.9664,9.4,8.45,9.035,3907835.7,2641860.2135000015
1521504000,9.035,9.2888,8.6001,9.1618,3926031.25,2757643.6225000015
1521590400,9.1865,10.3383,9.01,9.9777,4959307.31,2944367.264000002
1521676800,9.9729,10.94,9.47,10.0806,4709042.43999999,3144309.4625000013
1521763200,10.0614,11.98,9.5,11.7397,5510208.62,3388005.8530000015
1521849600,11.7158,14.9444,11.5314,13.2398,8441747.33000001,3781897.4560000026
1521936000,13.2398,14.26,12.4771,12.95,6175307.17000001,4067293.3260000036
1522022400,12.95,13.04,10.8189,12.05,5486426.79,4294614.9305000035
1522108800,12.01,12.23,10.83,11.5404,4077306.58,4351948.706500003
1522195200,11.5404,12.235,11.31,11.6888,3219334.4,4418981.545500004
1522281600,11.687,11.7494,10.11,10.1877,3602154.55000001,4501608.639500004
1522368000,10.1877,10.8769,9.6305,10.3955,3795257.43,4580701.841500005
1522454400,10.4,11.4836,10.25,11.051,4177534.21,4656546.059500004
1522540800,11.0599,11.3106,10.3002,11.0767,4095797.21000001,4734842.936500004
1522627200,11.0956,12.68,10.9815,12.5996,4507155.16,4598807.466500004
1522713600,12.5996,13.9701,12.2114,13.305,5149823.24000001,4598591.897500005
1522800000,13.2788,13.4889,12,12.21,5112820.69000001,4640514.993500005
1522886400,12.2098,12.65,12.093,12.4888,4295442.59,4652965.661500005
1522972800,12.4888,12.7001,12.0115,12.2599,3151837.66,4612997.581000005
1523059200,12.26,12.6487,12.22,12.5,3256833.91,4577860.212000004
1523145600,12.5,12.5216,12.11,12.1311,3085224.78,4536729.666000004
1523232000,12.1244,12.55,11.51,11.8888,3011093.55,4490982.781000004
1523318400,11.8832,12.441,11.77,12.0904,3449392.51,4415487.041000004
1523404800,12.1121,12.33,11.77,12.33,3394146.16,4349742.227000004
1523491200,12.33,13.034,11.85,13.0087,4889173.13,4318690.452500003
1523577600,13.0087,13.82,12.6961,13.52,5339975.42000001,4163601.8570000036
1523664000,13.52,13.88,12.9174,13.2888,3521128.98,4030892.947500003
1523750400,13.2865,13.62,12.9,13.0989,3854928.8,3949318.0480000027
1523836800,13.0985,13.0997,12.011,12.2342,2709514.47,3880928.4425000027
1523923200,12.2342,12.4848,11.6658,11.777,2444511,3842187.2725000023
1524009600,11.777,12.45,11.511,12.2999,2739464.35,3799052.7625000016
1524096000,12.2999,12.44,12.02,12.361,2401088.65,3729344.3235000013
1524182400,12.3502,12.7241,11.85,12.5858,2737433.33,3657339.2795000016
1524268800,12.574,13.74,12.38,13.3302,4556037.09,3680351.2735000015
1524355200,13.3689,13.3987,12.8,12.8888,2564431.16,3583215.0735000013
1524441600,12.8887,13.8644,12.82,13.645,4448320.55,3548139.9390000007
1524528000,13.6449,15.6805,13.6096,15.0895,4773630.91,3531180.45
1524614400,15.0786,15.9,12.91,13.3999,5198344.23,3576325.532
1524700800,13.3999,14.75,13.1855,14.63,4222900.08,3629878.653
1524787200,14.6299,14.7854,14.1075,14.2396,2886054.25,3611339.6700000004
1524873600,14.2493,15.4,14.1628,15.2011,3784189.33,3646287.8975
1524960000,15.1672,15.436,14.5001,15.0489,2829207.93,3637193.6165000005
1525046400,15.0489,15.15,14.04,14.3291,2063155.39,3567881.7605000003
1525132800,14.3271,14.3288,13.5,14.1711,1987546.78,3497551.7915000007
1525219200,14.1421,14.44,13.9001,14.439,2097270.4,3357956.655000001
1525305600,14.4389,14.8599,14.1799,14.6999,2502529.16,3216084.3420000006
1525392000,14.6493,14.7499,14.25,14.3622,1875629.56,3133809.3710000007
1525478400,14.3621,14.57,14.21,14.4468,1877245.04,3034925.183000001
1525564800,14.444,14.9384,13.5495,14.012,2099311.5,3004415.034500001
1525651200,13.9993,14.0764,12.915,13.71,1651401.64,2964759.566500001
1525737600,13.7191,13.9733,13.0001,13.4981,1439759.01,2899774.2995000007
1525824000,13.5,14.8,13.02,14.6417,2600990.7,2909769.402000001
1525910400,14.6266,15.05,13.7323,13.7957,1653996.3,2855597.550500001
1525996800,13.7737,14.13,12.5211,12.9884,1567764.99,2706183.9455000013
1526083200,12.9603,13.27,12.1242,12.9319,1272138.32,2641569.3035000013
1526169600,12.9319,13.5794,12.6186,13.1515,1879918.95,2513149.2235000012
1526256000,13.1624,13.2,12.2,12.8388,1543293.66,2351632.3610000014
1526342400,12.8448,13.33,12.4638,12.5389,1284872.56,2155958.7775000012
1526428800,12.5312,12.9199,11.88,12.2901,1075202.14,1998573.8805000014
1526515200,12.28,12.9496,12.1818,12.3777,1714166.53,1939979.4945000014
1526601600,12.3679,16.276,12.0001,15.1363,5632069.62999999,2032373.509500001
1526688000,15.0885,15.6666,13.95,14.33,3387951.86,2060310.706000001
1526774400,14.335,14.3995,13.682,14.1666,2411178.47,2077711.8600000008
1526860800,14.1664,14.8005,13.7,14.6996,2546234.23,2105646.232500001
1526947200,14.6728,14.85,13.6911,13.888,2361029.44,2118834.1845000004
1527033600,13.8544,13.9299,12.235,12.4998,2215379.59,2104476.706000001
1527120000,12.4997,13.1947,12.1,13.0288,1576180.03,2089504.2295000008
1527206400,13.0255,13.3789,12.5627,13.0129,1316638.08,2061473.8815000008
1527292800,13.0129,13.283,12.6411,12.7888,1215820.52,2017299.332500001
1527379200,12.7561,12.8,12.2856,12.6046,1071651.59,1988311.8300000012
1527465600,12.596,12.75,11.611,11.9179,936828.03,1963165.2810000014
1527552000,11.892,12.7,11.6601,12.6073,1469580.4,1906594.7660000012
1527638400,12.5947,12.7927,12.17,12.6199,1299596.87,1888874.7945000012
1527724800,12.608,14.302,12.38,14.2,2725397.09,1946756.3995000008
1527811200,14.1919,14.467,13.76,14.2888,2320529.82000001,1999175.9745000012
1527897600,14.2503,14.882,14,14.6732,2358996.4,2023129.847000001
1527984000,14.6785,15.0254,14.2657,14.6995,2237218.88,2057826.1080000014
1528070400,14.666,14.743,13.59,14.2636,1575290.65,2072347.0125000011
1528156800,14.2635,15.711,14.1328,15.6156,2607588.47,2148966.329000001
1528243200,15.6156,17.4767,15.23,17.275,3866321.8,2256574.0925000007
1528329600,17.2512,17.44,16.11,16.2791,3248655.04,2137403.3630000013
1528416000,16.28,16.6579,15.72,16.2292,2536838.57,2094847.6985000013
1528502400,16.2292,16.906,15.869,16.0188,2334912.18,2091034.3840000015
1528588800,16.0192,16.1199,13.4,14.18,2579153.65,2092680.3550000016
1528675200,14.18,15.48,13.6712,15.47,2472371.47,2098247.4565000017
1528761600,15.47,16.16,14.86,15.2263,3485152.76,2161736.115000001
1528848000,15.2265,15.85,13.6924,14.5888,3148409.74,2240347.6005000016
1528934400,14.5794,15.2,14,14.867,2693075.27,2309169.460000002
1529020800,14.867,15.65,14.602,14.9895,2572848.48,2377020.8580000014
1529107200,14.98,15.96,14.82,15.7602,2452263.98,2446051.477500001
1529193600,15.7883,17.2,15.6951,16.5987,3238566.8,2561138.4160000007
1529280000,16.6105,17.1998,16.11,16.8111,2847219.22,2630020.357000001
1529366400,16.8092,16.95,16.1288,16.7556,2118005.58,2670940.792500001
1529452800,16.7395,16.85,15.6,16.0773,1951376.78,2632239.777000001
1529539200,16.0768,17.38,15.865,17.0727,3562967.67,2694361.669500001
1529625600,17.0726,17.25,15.16,15.56,3363308.98,2744577.2985000005
1529712000,15.55,16.0488,15.3123,15.6398,2104033.7,2737918.039500001
1529798400,15.6024,15.749,13.3419,14.4174,3864116.25999999,2852359.3200000003
1529884800,14.4174,15.1532,13.76,14.92,2268298.4,2835394.8165
1529971200,14.8982,15.0098,13.83,14.0525,1400093.84,2712083.4185000006
1530057600,14.0525,14.3404,13.789,14.0737,1526745.8,2625987.9565000003
1530144000,14.0852,14.9,13.81,14.206,2386068.98,2618449.4770000004
1530230400,14.1312,14.7,13.734,14.5399,1801223.29,2591765.0325
1530316800,14.4847,15.1514,14.256,14.6851,2160868.78,2570850.7890000003
1530403200,14.7344,14.7499,14.09,14.37,1213411.44,2507902.7875000006
1530489600,14.3679,14.7502,14.01,14.5968,1895365.94,2428413.4465000005
1530576000,14.5968,14.81,14.0146,14.1639,1783569.17,2360171.4180000005
1530662400,14.17,14.2499,13.8502,14.0212,1077456.6,2279390.4845000003
1530748800,14.0212,14.1367,13.412,13.76,1167466.75,2209121.3980000005
1530835200,13.76,13.8143,13.1402,13.4366,957584.87,2134387.4425000004
1530921600,13.4366,14.3006,13.2799,14.16,2509657.78,2097941.9915000005
1531008000,14.1546,14.18,13.84,14.01,1788649.64,2045013.5125000007
1531094400,14.0096,14.0497,13.4588,13.5348,1072007.68,1992713.6175000009
1531180800,13.5382,13.6312,12.6171,12.77,1268037.08,1958546.6325000008
1531267200,12.77,12.87,12.1201,12.697,1676723.91,1864234.4445000004
1531353600,12.6899,12.7777,11.802,12.1318,1057562.76,1748947.1335000005
1531440000,12.1256,12.4299,11.904,12.1803,1104432.47,1698967.0720000002
1531526400,12.1772,12.2799,11.921,12.0595,700470.95,1540784.8065000009
1531612800,12.0677,12.399,11.93,12.321,978185.21,1476279.147000001
1531699200,12.321,13.4295,12.1525,13.3471,1688449.26,1490696.918000001
1531785600,13.3717,13.9,12.827,13.7398,2440273.66,1536373.3110000012
1531872000,13.7398,13.88,12.65,12.8574,2499594.95,1542049.609500001
1531958400,12.8575,13.3776,12.7161,12.955,1659928.44,1534984.867000001
1532044800,12.955,13.039,11.821,12.0798,1500770.49,1501979.952500001
1532131200,12.0701,12.4933,11.8087,12.1959,962002.15,1489409.4880000008
1532217600,12.1655,12.35,11.9257,12.1885,717131,1430497.7410000009
1532304000,12.1594,12.4,11.9,12.0348,846080.31,1383623.2980000009
1532390400,12.0348,12.289,11.6358,12.1469,1470130.39,1403256.9875000007
1532476800,12.1469,13.5136,12.1111,13.0048,2387075.91000001,1464237.4455000013
1532563200,13.0448,13.6397,12.9008,13.3283,2048038.7,1518760.1370000013
1532649600,13.3435,14.0845,13.0383,13.9919,1868712.12,1486712.8540000012
1532736000,13.9902,14.8886,13.72,14.669,2191526.04,1506856.674000001
1532822400,14.6415,14.7512,13.666,13.9569,1627537.9,1534633.185000001
1532908800,13.9353,13.9724,13,13.1666,1214311.9,1531946.926000001
1532995200,13.2057,14.1,13.001,13.8369,1908469.58,1543534.2095000008
1533081600,13.8384,14.1,13.1725,13.6666,1436158.78,1562464.0105000008
1533168000,13.6481,14.1999,13.364,14.15,1220345.44,1568259.659000001
1533254400,14.1302,14.18,13.55,14.1251,1716106.24,1619041.423500001
1533340800,14.1251,14.47,13.55,13.8663,1675328.62,1653898.594000001
1533427200,13.8663,13.9499,13.2224,13.64,1181522.98,1628552.2800000007
1533513600,13.6407,13.975,13.4688,13.6998,1401653.22,1576621.2580000008
1533600000,13.6988,13.85,13.0735,13.1488,1138776.83,1508580.352000001
1533686400,13.1486,13.1688,11.95,12.1489,1477830.56,1499475.4580000008
1533772800,12.1489,12.8769,12.0408,12.7654,1392084.49,1494041.1580000008
1533859200,12.7698,12.8249,11.6912,12.1472,1321748.93,1512028.497000001
1533945600,12.1387,12.1666,11.3,11.6972,951206.61,1523732.2775000008
1534032000,11.69,11.8735,11.3503,11.7999,827641.8,1522810.352000001
1534118400,11.7999,11.8899,10.11,10.2576,1263311,1512469.3825000008
1534204800,10.293,10.3285,8.5318,9.3999,1778627.02,1482046.9380000003
1534291200,9.3999,10.65,9.3328,9.5049,2056703.08,1482480.1570000001
1534377600,9.5048,10,9.3549,9.7888,1015018.47,1439795.4745
1534464000,9.7779,10.88,9.7008,10.88,1343630.43,1397400.6940000001
1534550400,10.8766,10.98,9.4518,9.8807,1129707.13,1372509.1555
1534636800,9.8807,10.2999,9.6501,10.1388,900659.79,1356826.5500000003
1534723200,10.1304,10.2081,9.5505,9.6377,675185.06,1295162.3240000003
1534809600,9.6377,9.8499,9.3526,9.7399,467018.57,1246705.3135000002
1534896000,9.7396,10.25,9.1803,9.5888,933905.05,1232383.2940000002
1534982400,9.5105,9.7881,9.3201,9.7587,652574.85,1179206.7245000002
1535068800,9.7475,10.2313,9.55,10.2038,782216.94,1134551.1405000002
1535155200,10.2037,10.3,9.9115,10.1058,679508.1,1109450.3965000003
1535241600,10.0997,10.2578,9.7298,10.2158,743828.68,1076559.1695000003
1535328000,10.2082,11.3135,10.1023,11.1888,1520413.76,1095641.0160000003
1535414400,11.169,11.5489,10.76,11.5188,1547932.24,1099146.1000000003
1535500800,11.5188,11.5188,10.7,11.1888,1152277.38,1087155.7445000005
1535587200,11.1547,11.1999,10.3501,10.7899,754752.58,1058805.9270000004
1535673600,10.7899,10.9935,10.5548,10.9899,823324.38,1052411.8155000003
1535760000,10.9897,11.57,10.9436,11.48,1044220.23,1063240.7370000002
1535846400,11.48,11.5043,11.07,11.3684,708884.77,1035519.4255000002
1535932800,11.366,11.48,11.046,11.3294,641282.32,978652.1905000003
1536019200,11.3299,11.4494,11.2106,11.4217,630068.09,907320.4410000003
1536105600,11.4399,11.5886,9.9,9.9664,1178706.01,915504.8180000006
1536192000,9.9978,10.382,9.5349,10.2888,861725.78,891409.5855000006
1536278400,10.2699,10.2994,9.63,9.9401,543939.79,862121.2185000007
1536364800,9.948,10.1497,9.2715,9.5224,591172.18,846646.8380000007
1536451200,9.511,9.7678,9.1535,9.5399,576769.81,841726.0755000006
1536537600,9.4999,9.7381,9.25,9.508,410304.23,838890.3585000007
1536624000,9.5078,9.6,9.1013,9.3688,776611.24,831025.6680000005
1536710400,9.3796,9.4822,9.01,9.2081,717494.09,834271.6300000006
1536796800,9.2081,9.7146,9.1994,9.5911,1020417.71,846181.6685000004
1536883200,9.5911,10.0997,9.4809,9.9268,1066223.53,865517.4400000004
1536969600,9.8842,10.242,9.84,10.0999,1111177.17,883884.8645000004
1537056000,10.0626,10.1381,9.7,9.9399,796456.32,847686.9925000003
1537142400,9.9281,10.0321,9.2542,9.3626,861322.4,813356.5005000002
1537228800,9.3626,9.6533,9.22,9.5599,893224.31,800403.8470000003
1537315200,9.531,9.7997,9.231,9.6399,980606.47,811696.5415000002
1537401600,9.6204,10.08,9.5682,10.0388,1120353.35,826547.9900000001
1537488000,10.0126,10.48,9.9091,10.48,1435072.62,846090.6095
1537574400,10.4761,10.6,9.985,10.2911,856764.16,853484.5790000001
1537660800,10.2534,10.4258,10.1025,10.2907,861934.49,864517.1875
1537747200,10.3,10.3599,9.9082,10.0588,717884.93,868908.0295
1537833600,10.0295,10.0583,9.3612,9.8745,670520.95,843498.7764999999
1537920000,9.8498,9.9417,9.5514,9.712,664048.34,833614.9045
1538006400,9.7286,10.1118,9.6364,10.0599,1097707.95,861303.3125
1538092800,10.0599,10.28,9.8049,9.9911,1023374.46,882913.4265000001
1538179200,9.9607,10.0773,9.72,10.0118,1033613.12,905755.5920000002
1538265600,10,10.0761,9.8203,10.0172,1008085.64,935644.6625000002
1538352000,10.0172,10.0761,9.85,9.9811,948775.1,944252.8555000003
1538438400,9.9811,10.69,9.85,10.3711,1656057.34,991181.0180000004
1538524800,10.3,10.49,10.0103,10.3136,1515533.08,1015936.7865000002
1538611200,10.2851,10.4393,10.201,10.2982,1396583.15,1032454.7675000001
1538697600,10.2735,10.77,10.227,10.6756,1625888.5,1058190.334
1538784000,10.6622,10.75,10.3232,10.4289,1222752.32,1079505.134
1538870400,10.4085,10.6,10.2602,10.5852,1287321.5,1100805.0890000002
1538956800,10.5852,10.6929,10.4938,10.5911,1241326.98,1118210.2225000001
1539043200,10.5909,10.6297,10.27,10.4113,1061689.04,1122264.3510000003
1539129600,10.4113,10.4351,10.22,10.3614,1024931.25,1117493.246
1539216000,10.3877,10.3991,9.22,9.3599,1016418.61,1096560.5455
1539302400,9.3618,9.7497,9.2471,9.5551,1040252.28,1105734.9515
1539388800,9.5501,9.7299,9.5227,9.681,1060777.94,1115677.1240000003
1539475200,9.67,9.8,9.5101,9.5895,963458.08,1127955.7815
1539561600,9.5883,11,9.5106,10.5655,2340805.31,1211469.9995000002
1539648000,10.5509,10.571,10.1061,10.2771,1279998.81,1242267.523
1539734400,10.2643,10.35,10.09,10.2338,1403015.56,1257532.9035
1539820800,10.2338,10.2856,9.81,9.922,1262694.44,1269498.9025
1539907200,9.922,9.9797,9.83,9.9001,1105829.66,1273109.7295
1539993600,9.9134,9.997,9.822,9.9365,1168946.63,1281152.7789999999
1540080000,9.9231,10.0272,9.87,9.9311,1194348.93,1293431.4704999998
1540166400,9.9123,9.98,9.81,9.8932,1037552.21,1262506.214
1540252800,9.8801,10.0788,9.8099,9.9298,1217218.93,1247590.5064999997
1540339200,9.9209,9.99,9.8555,9.8837,1041867.67,1229854.7325
1540425600,9.8816,9.925,9.7502,9.8056,1005134.42,1198817.0285
1540512000,9.805,9.9121,9.75,9.8296,1023388.17,1188848.821
1540598400,9.8297,9.8347,9.6972,9.7331,854497.86,1167207.639
1540684800,9.7285,9.7638,9.6022,9.7207,838913.92,1147086.986
1540771200,9.7207,9.7317,9.3748,9.445,788866.57,1133445.8625000003
1540857600,9.4516,9.5386,9.4003,9.4521,719748.66,1118186.7330000002
1540944000,9.4513,9.5546,9.2811,9.4807,707061.59,1102718.8820000002
1541030400,9.4837,9.66,9.4303,9.6192,791111.48,1090261.8420000002
1541116800,9.6106,9.7192,9.5467,9.6421,850927.5,1079769.32
1541203200,9.6607,9.744,9.4888,9.5889,812589.61,1072225.8965000003
1541289600,9.588,9.8974,9.5,9.819,934579.3,1001914.5960000003
1541376000,9.8084,9.8294,9.6603,9.7333,836650.91,979747.2010000004
1541462400,9.7509,9.8891,9.6703,9.881,887223.82,953957.6140000004
1541548800,9.8718,9.9776,9.81,9.897,865071.56,934076.4700000003
1541635200,9.897,9.9268,9.6503,9.686,798983.44,918734.1590000003
1541721600,9.6868,9.7497,9.5169,9.6141,735975.45,897085.6000000003
1541808000,9.6132,9.6896,9.5672,9.5898,782308.04,876483.5555000004
1541894400,9.5898,9.621,9.35,9.5611,755404.21,862376.1555000003
1541980800,9.5586,9.5891,9.331,9.4862,723363.63,837683.3905000003
1542067200,9.4862,9.5891,9.3602,9.3936,658735.46,818526.7800000004
1542153600,9.387,9.4453,8.3359,8.6811,672611.06,801900.6120000004
1542240000,8.6896,8.7342,7.8,8.3793,822045.1,791833.4585000004
1542326400,8.3793,8.4049,7.8,8.01,901842.25,794200.6780000004
1542412800,8.0097,8.0192,7.6846,7.8494,752867.47,789898.3555000004
1542499200,7.8493,8.166,7.8301,8.0832,604839.75,780697.0145000004
1542585600,8.0833,8.0918,6.6453,6.6844,1052222.08,797320.6855000004
1542672000,6.704,6.905,5.612,5.92,1624846.64,843209.9380000004
1542758400,5.9419,6.323,5.6502,6.2894,842731.41,845790.9345000004
1542844800,6.2896,6.3727,5.7172,5.77,630372.07,834763.1630000004
1542931200,5.7755,5.8396,5.45,5.6611,598556.9,824061.5275000004
1543017600,5.6525,5.8055,4.7632,5.193,917700.21,823217.5730000004
1543104000,5.199,5.38,4.532,5.2873,1003892.67,831579.6610000005
1543190400,5.28,5.4,4.7568,5.0631,852519.37,829844.4385000005
1543276800,5.063,5.063,4.7045,4.984,701759.11,821678.8160000005
1543363200,4.984,5.4603,4.984,5.3499,1144816.8,838970.4840000004
1543449600,5.3498,5.6344,5.1243,5.3805,1018322.99,853087.8610000003
1543536000,5.3902,5.448,4.9534,5.115,709284.02,849436.6600000004
1543622400,5.1122,5.4006,5.0072,5.2899,925388.42,857935.8705000004
1543708800,5.2787,5.4357,5.205,5.2888,853331.61,864434.2695000004
1543795200,5.2831,5.2956,5.01,5.1266,673983.38,865196.6655000004
1543881600,5.1294,6.3649,5.0856,5.902,2238490.16,943490.6205000004
1543968000,5.902,6.62,5.7225,6.0727,4208247.77999999,1112800.7544999998
1544054400,6.0689,6.109,4.85,4.9023,3033034.77,1219360.3804999997
1544140800,4.8977,4.9997,4.12,4.516,2250208.53,1294227.4334999998
1544227200,4.5118,4.8009,4.3001,4.6361,1260790.7,1327024.981
1544313600,4.628,5.0003,4.5167,4.7693,1505537.64,1349690.759
1544400000,4.7693,4.9398,4.4698,4.6276,928495.85,1314873.2195000001
1544486400,4.6297,4.9295,4.5,4.8973,1232098.43,1334341.5705
1544572800,4.8936,5.15,4.739,4.9815,1196552.29,1362650.5814999999
1544659200,4.982,4.9933,4.5563,4.6384,1003196.18,1382882.5455
1544745600,4.6399,4.75,4.43,4.5211,946936.19,1384344.3445000001
1544832000,4.5148,4.599,4.4436,4.5531,969833.44,1382641.383
1544918400,4.5479,4.7064,4.5089,4.616,1069563.77,1393493.603
1545004800,4.6193,5.1271,4.601,5.065,1507154.37,1433763.366
1545091200,5.065,5.5362,4.9,5.5308,1906857.24,1471865.3879999998
1545177600,5.5349,5.8331,5.2847,5.3633,1805892.76,1511243.8765
1545264000,5.3627,5.79,5.2369,5.6766,2160302.61,1583794.806
1545350400,5.6761,5.7897,5.3166,5.4766,1592262.74,1617138.5219999999
1545436800,5.4766,5.8802,5.395,5.8398,1775214.59,1663232.671
1545523200,5.8399,6.1318,5.7589,5.959,1878151.13,1723441.0585
1545609600,5.9588,6.4735,5.93,6.0979,2058385.46,1714435.8235
1545696000,6.0975,6.0994,5.3127,5.45,1443517.22,1576199.2955000005
1545782400,5.4432,5.684,5.37,5.6029,1351072.48,1492101.1810000003
1545868800,5.6062,5.6559,5.1,5.1791,1148939.37,1437037.7230000005
1545955200,5.1818,5.8995,5.1003,5.8811,1505031.24,1449249.7500000005
1546041600,5.8803,6,5.61,5.66,1232874.45,1435616.5905000004
1546128000,5.67,5.9186,5.558,5.8939,1394241.09,1458903.8525000003
1546214400,5.9,6.2433,5.8304,6.1111,2388899.23,1516743.8925000003
1546300800,6.1139,6.1228,5.7735,5.991,1412914.18,1527561.9870000002
1546387200,5.991,6.0939,5.8371,6.051,2130127,1583908.5280000004
1546473600,6.0445,6.062,5.7739,5.7979,1524726.37,1612798.0370000002
1546560000,5.7947,5.99,5.7402,5.9692,1657441.74,1647178.452
1546646400,5.9688,6.1043,5.9188,5.9625,1636284.99,1675514.513
1546732800,5.9626,6.3888,5.925,6.2688,2511301.27,1725721.8580000002
1546819200,6.2681,6.3094,6.0061,6.2009,1683858.68,1714571.9300000002
1546905600,6.1979,6.7984,6.1381,6.5128,3946905.61,1821622.5725000002
1546992000,6.5197,6.854,6.3386,6.5511,4167653.69,1921990.1265
1547078400,6.5511,6.5764,5.65,5.8449,3348790.02999999,2009816.4909999992
1547164800,5.844,6.1198,5.6853,5.9595,2559930.81,2049052.3019999992
1547251200,5.9552,5.9657,5.8,5.8594,1743319.31,2042310.7109999992
1547337600,5.8629,5.8884,5.3733,5.4688,1420692.05,2010426.040499999
1547424000,5.4688,6.062,5.4586,6.0583,2330172.48,2054758.803499999
1547510400,6.0565,6.0649,5.6601,5.8111,1366715.25,2055540.941999999
1547596800,5.8007,6.1817,5.7741,6.0911,2164639.9,2106325.968499999
1547683200,6.0941,6.33,5.9604,6.3266,2312287.74,2146688.793499999
1547769600,6.3152,6.5879,6.2132,6.4867,2495447.22,2209817.431999999
1547856000,6.4887,6.64,6.2435,6.5199,2269437.98,2253577.2764999988
1547942400,6.5221,6.6295,6.2401,6.4008,1778376.93,2223051.1614999985
1548028800,6.4069,6.515,6.2788,6.4724,1851048.49,2244957.876999999
1548115200,6.4681,6.5088,6.25,6.4736,1854629.75,2231183.0144999987
1548201600,6.478,6.53,6.3499,6.4969,1928704.72,2251381.931999999
1548288000,6.4963,6.4963,6.3915,6.4588,1514319.91,2244225.8404999985
1548374400,6.4555,6.7502,6.4408,6.6899,2583153.38,2291569.259999999
1548460800,6.689,6.9786,6.6196,6.9463,2734629.11,2302735.6519999984
1548547200,6.9453,7.2157,6.7919,7.0396,2776887.68,2357387.1019999986
1548633600,7.0399,7.1398,5.94,6.1648,4950985.69,2407591.1059999983
1548720000,6.1642,6.2599,5.968,6.1661,2967157.36,2347566.2894999986
1548806400,6.1335,6.1999,6.001,6.1388,2238811.59,2292067.367499999
1548892800,6.1384,6.2663,5.9468,6.22,2264988.86,2277320.2699999986
1548979200,6.225,6.65,6.1172,6.5229,2942865.68,2337297.5884999987
1549065600,6.5185,6.9,6.4823,6.8655,3251363.16,2428831.143999999
1549152000,6.8688,6.9,6.6148,6.7887,3095048.16,2467074.927999999
1549238400,6.7888,7.185,6.68,7.1069,3306867.31,2564082.530999999
1549324800,7.1028,7.9715,6.9501,7.8665,4154631.43,2663582.107499999
1549411200,7.8569,8.48,7.32,8.1303,5817391.76000001,2838837.3085
1549497600,8.1347,8.4666,7.6733,7.81,4354792.8,2931804.5874999994
1549584000,7.807,8.8387,7.61,8.5972,4960284.84,3066346.9305
1549670400,8.5972,8.921,8.4052,8.9051,5440051.10999999,3249430.639499999
1549756800,8.9001,9.2999,8.8264,9.1697,5750442.06,3444400.317999999
1549843200,9.1695,9.778,9.01,9.5288,6041136.07,3653725.6339999987
1549929600,9.525,9.9,8.921,9.2765,4945231.46000001,3804551.9709999994
1550016000,9.2763,9.2763,8.71,8.9103,4005598.1,3929115.880499999
1550102400,8.9165,9.05,8.4051,8.7655,2803390.01,3940127.712
1550188800,8.7636,9.4997,8.7293,9.2911,3326003.04,3969696.4085
1550275200,9.2854,9.3399,9.048,9.1087,2499086.4,3955806.3445
1550361600,9.0972,9.22,8.8903,9.22,2460188.81,3831266.5005
1550448000,9.2167,9.6999,9.1777,9.6127,2809984.65,3823407.8650000007
1550534400,9.6127,11.1307,9.481,10.4728,4894965.37999999,3956215.5545
1550620800,10.4687,11.2951,10.3928,10.9211,4346711.07,4060301.665
1550707200,10.9199,10.936,10.13,10.4661,3077022.99,4067009.5304999994
1550793600,10.4695,10.9611,10.3799,10.7576,3038507.76000001,4056366.7605
1550880000,10.7572,10.85,10.4,10.7265,2877713.15,4045500.0100000002
1550966400,10.7267,11.09,9.3901,9.9476,4800152.25,4120164.257
1551052800,9.9442,10.2361,9.2685,9.6967,5348579.57,4179861.664
1551139200,9.6967,9.7557,9.3551,9.4168,3118340.95000001,4044909.1234999998
1551225600,9.4238,9.9998,9.35,9.8467,3524897.35,4003414.351
1551312000,9.8502,10.4914,9.7899,10.2779,3693794.54000001,3940089.836
1551398400,10.2777,11.551,10.2067,11.3111,4025695.97,3869372.079000001
1551484800,11.3353,11.8,10.8,11.7566,3893847.16,3776542.3340000003
1551571200,11.7564,11.8701,11.1902,11.4511,2853200.15,3617145.538000001
1551657600,11.4511,11.508,10.85,11.4006,2739049.08,3506836.4190000007
1551744000,11.405,13.75,11.395,13.6229,8340655.32,3723589.280000001
1551830400,13.623,14.663,12.9,14.5294,6158611.96999999,3891350.378
1551916800,14.529,15.56,14.327,15.1,6757497.32999999,4062925.092499999
1552003200,15.0999,15.2194,13.5578,14.2931,6343194.03,4255130.4739999985
1552089600,14.2848,14.92,13.9609,14.4651,3996324.55,4331937.260999998
1552176000,14.4651,14.5075,13.86,14.3711,3531708.69999999,4368023.463499998
1552262400,14.3741,14.9,14.011,14.4143,3757653.77,4311157.882999998
1552348800,14.4133,15.4288,14.1809,15.3333,4049068.39000001,4296275.748999998
1552435200,15.3459,15.38,14.9333,15.0244,3282883.18,4306568.758499999
1552521600,15.0311,15.097,14.563,14.8901,3079956.93,4308641.216999998
1552608000,14.8993,15.199,14.84,14.9432,2986987.69,4314104.943999998
1552694400,14.9429,16,14.88,15.9589,3293876.13,4238791.137999998
1552780800,15.9589,15.9589,15.44,15.5693,3106901.48,4126707.2334999978
1552867200,15.5836,15.7888,15.204,15.5388,2472584.89,4094419.430499998
1552953600,15.5361,15.8,15,15.4953,4271050.4,4131727.0829999982
1553040000,15.5098,15.5098,15.022,15.1288,2369648.38,4065519.7749999976
1553126400,15.1288,15.2987,13.8607,14.3511,3015066.53,4014988.302999998
1553212800,14.3567,15.226,14.231,15.1502,2695850.87,3955088.488499998
1553299200,15.1524,15.44,14.9469,15.1397,2632489.7,3944052.965999998
1553385600,15.1397,17.5,14.66,17.1096,5285367.10000001,4071368.8669999987
1553472000,17.1112,17.338,16.1,16.7631,2775613.86,3793116.7939999984
1553558400,16.7761,16.8,15.5301,16.1998,2725145.68,3621443.4794999994
1553644800,16.1928,16.8297,15.8697,16.6,3240914.25,3445614.3255000003
1553731200,16.6,16.7188,16.401,16.6665,2988300.97,3277869.6725000003
1553817600,16.6538,16.8067,16.377,16.4753,2737173.2,3214912.1050000004
1553904000,16.4949,16.985,15.9612,16.9666,2790050.93,3177829.216500001
1553990400,16.9666,17.7386,16.7314,17.5376,3182964.85,3149094.770500001
1554076800,17.5201,18.2576,17.3319,17.8888,2966204.71,3094951.5865000007
1554163200,17.8888,19.88,17.5303,19.7155,3356886.89,3098651.772000001
1554249600,19.7155,20,18,18.5489,3532965.97,3121302.2240000004
1554336000,18.5388,19.41,18.16,18.992,2939082.42000001,3118906.960500001
1554422400,18.971,19.4593,18.8445,19.3657,2703355.91,3089380.949500001
1554508800,19.3658,19.3866,18.82,19.0745,2519027.63,3059987.257000001
1554595200,19.0423,19.2137,18.8,18.9523,2329702.34,3052843.1295000007
1554681600,18.9507,19.042,17.7881,17.9777,2142481.92,2946414.705500001
1554768000,17.9728,18.54,17.01,18.2984,2783412.06,2967102.889500001
1554854400,18.2984,18.6095,17.8927,18.24,2553039.12,2944001.519000001
1554940800,18.24,18.24,16.2501,17.5555,1815271.05,2899972.528000001
1555027200,17.5555,18.552,16.612,18.3333,2325593.36,2884627.7110000006
1555113600,18.2867,18.6398,17.9143,18.6111,2205194.61,2730619.0865
1555200000,18.6111,19.9,18.4259,19.3866,2438051.21,2713740.9540000004
1555286400,19.3734,19.78,18.6601,19.2666,2218308.03,2688399.0715000005
1555372800,19.2668,19.7482,18.7064,19.6408,2237334.6,2638220.0890000006
1555459200,19.6399,19.7908,19.26,19.4888,2029544.72,2590282.2765000006
1555545600,19.4757,21.998,19.4333,21.8888,3863870.34000001,2646617.133500001
1555632000,21.8888,24.7459,21.12,24.3188,4746251.19000001,2744427.1465000017
1555718400,24.3188,25.4973,23.76,24.8888,3545157.49,2762536.7785000014
1555804800,24.8693,24.8693,22.45,23.9999,3307426.84000001,2779597.885000002
1555891200,23.9999,24.6368,23.02,23.8,3005735.93,2762040.337000002
1555977600,23.7812,24.6131,22.47,22.546,2877995.49,2729291.813000002
1556064000,22.5207,23.1209,20.88,22.9703,2961681.74,2730421.779000002
1556150400,22.9877,23.4698,21.55,22.4863,3114460.9,2750977.028500002
1556236800,22.4869,23.786,21.6503,23.0555,3273950.47,2788723.170500002
1556323200,23.0555,23.1209,22.3876,22.4324,2989261.07,2821701.1070000017
1556409600,22.4326,23.2092,22.42,23.0226,3015774.29,2865365.7255000016
1556496000,23.0166,23.0828,21.2797,21.6788,2388965.07,2845643.376000001
1556582400,21.6847,22.3,21.3292,22.0391,2285353.33,2832259.086500001
1556668800,22.03,22.099,21.47,21.8788,2064791.54,2844735.1110000014
1556755200,21.881,24.127,21.7497,23.6166,2446015.2,2850756.2030000016
1556841600,23.6168,23.972,23.0101,23.6999,2230465.58,2852019.7515000016
1556928000,23.6999,23.7968,22.3,22.8888,1898934.62,2825063.922000001
1557014400,22.8887,23.1772,22.6408,22.9777,1999435.21,2814120.2810000014
1557100800,22.9777,22.9973,21.45,22.1895,1764747.54,2790490.9280000012
1557187200,22.2018,22.45,20.205,20.6602,1813897.12,2779708.5480000013
1557273600,20.6602,21.4135,19.51,20.6673,2783509.51,2725690.5065000006
1557360000,20.6671,20.967,18.5402,18.8388,2334477.6,2605101.827
1557446400,18.8377,19.9888,18.3,19.6166,2429624.32,2549325.1684999997
1557532800,19.6294,22,18.88,20.8059,3746402.53,2571273.9529999993
1557619200,20.7871,21.5,20.1,20.8934,3228794.38,2582426.8754999996
1557705600,20.9026,24,20.7349,23.521,4566012.58,2666827.7299999995
1557792000,23.521,24.5,22.5748,23.6553,4169698.05000001,2727228.5455
1557878400,23.6553,27.6556,23.46,26.8116,3607521.82,2751881.5915
1557964800,26.8348,27.79,25,26.2888,4828317.08999999,2829599.9224999994
1558051200,26.2888,26.6783,23.1424,25.7795,3429086.56,2851591.1969999997
1558137600,25.7986,29.0989,25.1124,28.8171,4319102.35,2916757.5999999996
1558224000,28.8165,29.8368,27.543,29.1122,4437585.54,3019188.6234999998
1558310400,29.1122,29.3399,27.5306,29.2666,3980328.45,3103937.3795
1558396800,29.2666,32.8,28.05,32.3907,4704491.98,3235922.4014999997
1558483200,32.3911,32.4374,30.61,30.8067,3807962.58,3304019.7704999996
1558569600,30.8333,32.25,29.6699,31.3934,3793076.85,3382150.334
1558656000,31.3986,34.7067,31.12,33.9435,4534224.56,3513914.8309999993
1558742400,34,35.4888,33.6231,35.0168,4181724.12,3623029.2765
1558828800,35.1102,35.111,32.32,33.0919,3846254.14,3727104.6064999998
1558915200,33.0508,35.1001,32.5,33.511,3935155.37,3833167.519
1559001600,33.511,34.5,32.5,33.1068,3595303.24,3873757.205499999
1559088000,33.1086,33.88,30.85,33.6066,3634528.09,3938759.7299999995
1559174400,33.5977,34.96,30.25,31.6666,3803964.59,4007476.7435000003
1559260800,31.6666,32.9724,30.61,32.8862,3635551.08,4001934.171
1559347200,32.916,34.353,32.5024,33.3521,3650894.16,4023039.16
1559433600,33.3521,33.7647,32.68,33.1527,3125339.52,3951005.507
1559520000,33.1343,33.1753,30.51,30.7564,2851908.73,3885116.0409999997
1559606400,30.7358,31.4673,28.7168,29.2596,2877003.62,3848590.131
1559692800,29.2452,31.1843,28.944,30.8886,3345894.89999999,3774469.0215000003
1559779200,30.829,31.9906,29.63,31.0888,2990485.46,3752538.9665
1559865600,31.0888,31.9911,30.9001,31.3098,2757731.91,3674470.4445
1559952000,31.3478,32.2926,31.1071,31.7333,3230284.59,3614105.397
1560038400,31.7042,31.85,29.7611,30.095,2532504.3,3541714.1894999994
1560124800,30.1174,32.0438,29.7286,32.0271,3550536.78,3484016.4294999996
1560211200,32.0261,32.0821,30.9312,31.8889,2717716.57,3429504.1289999993
1560297600,31.8889,34.98,31.8008,34.8888,3946303.19,3437165.4459999995
1560384000,34.8888,36.3689,34.12,35.251,3534896.06000001,3387199.0209999993
1560470400,35.2577,35.3,29.8146,32.3803,4820144.31999999,3419120.0309999986
1560556800,32.3887,33.942,31.6865,32.6743,3391510.23,3396382.835499999
1560643200,32.6885,33.2943,31.7316,32.1888,2831357.27,3341192.930499999
1560729600,32.1956,34.45,32.1862,33.8286,3325355.03,3327695.5199999986
1560816000,33.8542,35.0749,33.7386,34.4333,3404180,3316178.1154999984
1560902400,34.4261,35.6,34.3939,35.1888,3662780.35,3309118.903499998
1560988800,35.1764,36.9146,34.3979,36.8381,4152117.65,3334947.2319999984
1561075200,36.81,38.85,36.3364,38.6766,3534250.01,3329115.024499999
1561161600,38.6981,39.5941,37.1,38.0001,3314950.67,3338595.581999999
1561248000,38.0001,38.532,37.26,37.2836,2790608.54,3335530.572499999
1561334400,37.2665,37.821,36.0001,37.43,2631717.19,3323266.250999999
1561420800,37.43,37.551,35.71,36.0941,2000917.7,3256017.391
1561507200,36.0941,38,34.5,36.1189,2857418.8,3249364.0579999993
1561593600,36.1185,36.35,33.1584,34.3999,2607428.95,3241848.909999999
1561680000,34.342,35.2809,33.82,34.6289,2104975.25,3185583.442999999
1561766400,34.5951,35.8,33.2447,35.5,2591596.98,3188538.076999999
1561852800,35.5111,35.5111,32.02,32.114,2022992.01,3112160.838499999
1561939200,32.1141,34.05,31.3682,33.2777,1835906.62,3068070.340999999
1562025600,33.2722,34,30.56,31.9777,2017364.12,2971623.387499999
1562112000,31.953,33.05,31.623,32.522,1929917.65,2891374.4669999983
1562198400,32.5219,34.3839,32.1503,33.0888,2194259.8,2760080.2409999985
1562284800,33.0399,33.6497,32.4,32.5566,1501826.74,2665596.066499999
1562371200,32.5507,33.1815,32.5,32.5888,1122287.44,2580142.5749999983
1562457600,32.5471,33.3997,32.4,32.9344,1219900.05,2474869.8259999985
1562544000,32.9326,34.2918,32.75,33.3888,1493676.78,2379344.664999998
1562630400,33.3888,33.9,32.2195,32.4811,1226644.52,2257537.8734999984
1562716800,32.4814,32.89,30.51,31.222,1583726.64,2129118.3229999985
1562803200,31.222,31.89,28.2666,29.4181,1746010.06,2039706.3254999989
1562889600,29.4213,32.6219,29,31.8888,2944729.48,2021195.2659999984
1562976000,31.8727,32.4894,30.2075,31.4888,1744138.78,1968871.7779999985
1563062400,31.4701,31.5259,28.3111,28.5447,2117967.02,1943184.269499999
1563148800,28.5447,28.7498,26.319,28.647,2958931.55,1991084.9619999987
1563235200,28.647,29.58,24.8626,25.0601,3723845.18,2034406.2809999988
1563321600,25.0552,28.2898,24.1709,27.6287,5620644.87000001,2185067.076999999
1563408000,27.6259,29.5,26.8,28.9555,6272574.38,2393447.0334999994
1563494400,28.9505,29.96,28.3158,29.0096,3934648.14,2460599.5914999996
1563580800,29.0015,31.46,28.9,31.0932,2871032.06,2503001.5939999996
1563667200,31.1222,31.5281,29.2801,30.4388,2167635.68,2519588.047
1563753600,30.4389,32.6,29.6203,30.885,3469751.44,2592207.4129999997
1563840000,30.9226,30.94,28.9471,29.4929,2639256.42,2627674.3515
1563926400,29.4381,29.5057,27.7426,28.8261,2337675.12,2634845.1175
1564012800,28.8275,29.6596,28.4444,28.9227,2187610.96,2669134.3285
1564099200,28.9227,29.05,28.1641,28.9,1929538.17,2709496.865
1564185600,28.9,29.4502,27.2061,27.7498,1490587.94,2723031.2595
1564272000,27.7384,27.8459,26.42,27.7555,1330561.28,2714875.4845000003
1564358400,27.7556,28.0419,26.8202,26.9525,1145223.44,2710804.4305
1564444800,26.9539,27.1198,26.202,26.9867,1143523.29,2688794.263
1564531200,26.9879,27.83,26.78,27.75,1934429.49,2698215.2345
1564617600,27.7348,28.7664,27.45,28.7088,2252484.64,2663602.9925
1564704000,28.71,28.7186,27.5643,28.14,1503260.49,2651559.078
1564790400,28.14,28.3409,27.5,27.7333,1209344.97,2606127.9754999997
1564876800,27.7333,27.7719,27.0852,27.3834,968862.84,2506624.54
1564963200,27.3834,28.3,27.3011,28.0114,1170561.81,2378960.3715000004
1565049600,28.0127,28.3125,27.3333,27.6523,1420475.2,2168951.888
1565136000,27.6539,29.98,27.333,29.6694,2406222.91999999,1975634.314999999
1565222400,29.669,31.8791,29.1914,31.1074,3071362.08,1932470.011999999
1565308800,31.1426,31.5,29.6666,29.8188,1469206.79,1862378.7484999988
1565395200,29.7969,30.02,29.0333,29.6661,1310985.06,1819546.2174999989
1565481600,29.6666,30.4458,29.3,30.2439,1563332.29,1724225.259999999
1565568000,30.2418,30.5936,29.823,30.1856,1525430.31,1668533.954499999
1565654400,30.1856,30.4496,29.2,29.4512,1164703.53,1609885.374999999
1565740800,29.4512,29.4693,26.75,27.0256,1193540.54,1560181.853999999
1565827200,27.0065,28.2174,26.7,28.1058,1244704.8,1525940.185499999
1565913600,28.1052,28.1313,26.788,27.5111,965369.63,1499679.2699999989
1566000000,27.4908,27.9605,26.9863,27.5038,963986.7,1481350.5409999988
1566086400,27.5037,28.1797,27.0511,27.8977,1210998.25,1484639.2814999986
1566172800,27.9033,29.1779,27.6884,28.7931,1802660.04,1517596.1189999986
1566259200,28.7974,28.8079,27.52,28.0286,1231998.29,1482474.5589999987
1566345600,28.0375,28.051,26.3,26.925,1007261.99,1420213.4264999987
1566432000,26.9328,27.3301,26.211,26.9731,1087596.45,1399430.2244999986
1566518400,26.9788,27.2864,26.5,26.94,1084259.29,1393175.9404999986
1566604800,26.9399,26.9586,26.01,26.2814,917921.54,1390628.8754999987
1566691200,26.2982,26.4,25.57,26.0888,934538.7,1378827.7199999986
1566777600,26.0886,27.1908,25.6502,26.1257,1816730.9,1398640.5049999985
1566864000,26.1341,26.1507,24.6224,25.6051,1196769.36,1338167.8269999991
1566950400,25.6056,26.129,23.203,23.3565,1445782.29,1256888.837499999
1567036800,23.3559,23.3559,21.2202,21.7777,1617357.37,1264296.366499999
1567123200,21.7894,22.5678,21.5,22.1448,1599602.49,1278727.237999999
1567209600,22.1449,22.37,20.8857,21.0604,1372689.99,1269195.122999999
1567296000,21.0602,21.6828,20.98,21.4248,1434203.84,1264633.799499999
1567382400,21.4195,22.8303,21.01,22.7449,1744034.29,1293600.337499999
1567468800,22.7449,22.89,22.1615,22.3511,1355982.53,1301722.436999999
1567555200,22.3521,22.5998,21.4699,21.6764,1086933.26,1293833.859999999
1567641600,21.6821,23.5213,21.3,22.6388,2252665.09,1358198.632999999
1567728000,22.6442,23.445,21.6997,21.9906,2011805.46,1410589.570999999
1567814400,21.9932,22.65,21.91,22.3996,1683916.96,1434235.5064999992
1567900800,22.3961,22.7321,22,22.4111,1308063.92,1409505.700499999
1567987200,22.3747,22.4901,21.74,22.0978,1013284.39,1398570.0054999993
1568073600,22.104,22.3262,21.5,21.7679,831852.96,1389799.5539999993
1568160000,21.7704,22.0724,20.5413,20.7334,1069320.6,1388885.7614999996
1568246400,20.7315,20.9572,19.65,20.82,1700773.17,1419711.4554999997
1568332800,20.8236,21.2475,20.4088,20.788,1429273.21,1445279.0389999996
1568419200,20.7889,21.15,20.6714,20.9555,1306146.56,1463859.4319999996
1568505600,20.9438,21.0419,20.2619,20.2901,1149167.08,1430481.2409999997
1568592000,20.2901,20.8,19.8775,20.2422,1035427.91,1422414.1684999997
1568678400,20.246,21.439,20.03,21.0473,1845592.27,1442404.6674999997
1568764800,21.0302,23.17,20.9442,22.2018,3303465.14,1526710.0559999996
1568851200,22.2018,22.4383,20.0022,21.5376,1611944.94,1527327.1785
1568937600,21.5281,21.5764,20.9005,21.2695,1390566.5,1528221.004
1569024000,21.2741,21.4494,20.8096,20.9666,1127512.7,1512886.447
1569110400,20.9732,20.9912,20,20.3602,972362.63,1474302.8639999998
1569196800,20.364,20.364,19.1614,19.3228,1094670.56,1461237.2654999997
1569283200,19.3127,19.5,14.5,15.8249,2718637.43,1542822.4739999997
1569369600,15.824,16.4882,14.8945,16.0321,1826023.89,1521490.4139999996
1569456000,16.0138,16.4,14.2555,15.2212,1807568.44,1511278.5629999996
1569542400,15.2113,15.777,14.7,15.6666,1435874.03,1498876.4164999998
1569628800,15.6666,15.8729,15.2911,15.7346,1098737.85,1488410.113
1569715200,15.7335,15.7953,14.8018,15.1999,965380.71,1486014.929
1569801600,15.187,15.8506,14.62,15.8349,1129249.13,1500884.7374999998
1569888000,15.8493,16.28,15.6295,15.8563,1179806.15,1506409.0149999997
1569974400,15.8689,15.8892,15.5,15.8742,950491.27,1468894.9199999995
1570060800,15.89,15.929,15.25,15.6377,904724.95,1442667.5069999995
1570147200,15.6489,15.82,15.21,15.6133,858010.95,1420260.7264999994
1570233600,15.6028,15.7794,15.3644,15.6869,815215.74,1403563.1594999996
1570320000,15.6866,15.7299,14.9,15.0688,821939.84,1392888.7559999996
1570406400,15.0655,16.128,14.8555,16.0255,1138453.45,1357531.8149999995
1570492800,16.0255,16.4007,15.7959,16.0213,992060.4,1241961.5779999993
1570579200,16.0206,17.9999,15.8829,17.7177,2825143.73,1302621.5174999994
1570665600,17.7089,17.918,17.031,17.5288,1785750.54,1322380.7194999992
1570752000,17.5328,17.7,16.51,16.5666,1477611.99,1339885.6839999992
1570838400,16.5666,17.4868,16.5059,17.17,1405695.82,1361552.3434999993
1570924800,17.1666,18.7699,17.111,18.256,2233894.43,1418513.5369999993
1571011200,18.256,18.6275,17.8511,18.4376,1643019.36,1364732.6334999993
1571097600,18.4389,19.17,18.1,18.5643,2919838.62,1419423.3699999994
1571184000,18.56,18.647,17.3627,17.7401,1818495.34,1419969.7149999994
1571270400,17.7504,18.8346,17.562,18.5188,1889272.66,1442639.6464999993
1571356800,18.5205,18.7501,17.6733,18.2188,1428262.33,1459115.870499999
1571443200,18.2188,18.4444,17.8575,18.2229,1457873.52,1483740.510999999
1571529600,18.2189,18.58,17.7152,18.4997,1696662.02,1512111.155499999
1571616000,18.4897,18.5171,17.91,18.2551,1497277.47,1527984.721499999
1571702400,18.2534,18.8,18.0692,18.2286,1820100.14,1571465.164999999
1571788800,18.2581,18.27,16.1213,16.6796,1846223.72,1618540.103499999
1571875200,16.6798,17.0987,16.31,16.9194,1244966.99,1637887.905499999
1571961600,16.9194,19.111,16.7516,18.6188,2887081.78,1741481.2074999989
1572048000,18.6189,19.7653,18.0308,18.9501,3135045.71,1857136.5009999988
1572134400,18.9311,19.63,18.4744,19.2888,2293853.06,1914906.4814999986
1572220800,19.2938,21.15,19.26,19.939,2713065.62,2000956.7424999985
1572307200,19.9379,21.2378,19.81,20.7452,2298554.91,1974627.301499999
1572393600,20.73,20.7975,19.1076,20.052,1822916.43,1976485.595999999
1572480000,20.05,20.37,19.3529,19.9099,1679420.04,1986575.9984999988
1572566400,19.9087,20.0399,19.6424,19.9999,1305053.67,1981543.890999999
1572652800,19.9999,20.3,19.96,20.1745,1605037.27,1950101.0329999991
1572739200,20.1847,20.39,19.8053,20.1874,1331174.6,1934508.7949999992
1572825600,20.1725,20.88,20.0285,20.6139,1642901.21,1870661.9244999993
1572912000,20.6139,20.89,20.32,20.6588,1435739.44,1851524.129499999
1572998400,20.6621,20.9399,20.4408,20.7,1304183.99,1822269.6959999993
1573084800,20.6993,20.849,19.91,20.4208,1034081.11,1802560.6349999993
1573171200,20.4342,20.5164,19.2609,19.646,1087142.07,1784024.0624999993
1573257600,19.646,19.9632,19.4626,19.6999,886139.1,1743497.9164999991
1573344000,19.7042,20.6,19.6694,20.4333,1289880.02,1733128.0439999993
1573430400,20.4323,20.6277,19.7497,20.0888,1002832.24,1692264.6489999995
1573516800,20.0977,20.9798,19.9443,20.9798,1236966.44,1661801.7849999995
1573603200,20.9797,21.8,20.68,21.3846,1369703.62,1668038.6164999993
1573689600,21.3883,21.6492,20.7111,21.3166,1177736.52,1582571.3534999993
1573776000,21.3165,21.3353,19.9614,20.2735,1367539.25,1494196.0304999992
1573862400,20.2871,20.5999,19.9,20.1631,1001272.54,1429567.0044999993
1573948800,20.1641,20.4359,19.75,20.194,1154323.15,1351629.8809999991
1574035200,20.1889,20.1916,18.6,19.0817,1370495.1,1305226.8904999993
1574121600,19.0817,19.28,18.08,18.4997,1218553.06,1275008.7219999991
1574208000,18.4999,18.7494,17.7738,18.0826,1209633.01,1251519.3704999993
1574294400,18.0827,18.2399,16.34,16.7985,1724139.73,1272473.673499999
1574380800,16.7986,17.2798,14.2846,15.485,3361932.03,1360318.4114999992
1574467200,15.4875,16.3483,14.957,16.232,1941371.46,1390828.2544999993
1574553600,16.2321,16.506,14.9,14.9964,2155053.88,1416435.887999999
1574640000,15.0152,15.76,13.88,15.1457,3066863.34,1497992.0829999992
1574726400,15.1466,15.89,14.9382,15.3564,1658330.79,1515699.422999999
1574812800,15.3565,16.2255,14.5811,16.0888,2414012.37,1584695.985999999
1574899200,16.0888,16.1899,15.4404,15.5333,1619471.91,1611312.4779999992
1574985600,15.5255,16.2998,15.4692,16.2281,2034467.97,1668728.9214999992
1575072000,16.2281,16.2765,15.4501,15.7118,1435716.21,1676020.7309999992
1575158400,15.703,15.7139,14.8,15.4297,1232843.2,1687521.2789999992
1575244800,15.4287,15.62,15.019,15.1288,1205508.52,1685948.3829999994
1575331200,15.1394,15.4255,15.0475,15.2542,1260422.82,1680484.3429999996
1575417600,15.2545,15.88,14.8275,15.1,1491285.42,1696161.7879999995
1575504000,15.1254,15.72,14.806,15.6555,1705007.77,1713035.2139999997
1575590400,15.6532,15.7498,15.3,15.6666,1427720.75,1734357.6244999997
1575676800,15.657,15.8199,15.519,15.6067,1249702.29,1739126.5814999999
1575763200,15.6066,15.72,15.3496,15.6121,1097781.57,1725490.9049999998
1575849600,15.5947,15.799,15.1838,15.3284,959668.49,1712546.6764999996
1575936000,15.3284,15.3454,14.6,14.8088,1002642.2,1702197.136
1576022400,14.8004,14.9984,14.6,14.78,803255.65,1656152.9319999998
1576108800,14.78,14.8495,14.35,14.7238,740743.5,1525093.5055
1576195200,14.7165,14.9775,14.66,14.8555,883903.56,1472220.1105
1576281600,14.8555,15,14.1629,14.3888,841053.92,1406520.1125
1576368000,14.3887,14.493,14.1361,14.3949,786545.74,1292504.2325
1576454400,14.3946,14.4356,13.258,13.4544,1130101.43,1266092.7645
1576540800,13.4721,13.475,12.1111,12.381,1686074.79,1229695.8854999999
1576627200,12.3837,13.7348,12.21,13.6158,2322029.57,1264823.7684999998
1576713600,13.6247,13.7631,12.9624,13.3441,1378005.7,1232000.6549999998
1576800000,13.3519,13.5291,13.08,13.5,1397599.99,1230094.8439999998
1576886400,13.4932,13.51,13.26,13.2933,1260784.85,1231491.9264999998
1576972800,13.2874,13.8309,13.2689,13.7798,1505338.18,1246483.4094999998
1577059200,13.7768,13.9447,13.2,13.2998,1226252.01,1244774.869
1577145600,13.2987,13.5916,13.2299,13.3369,1307251.73,1235573.1845
1577232000,13.334,13.3522,12.85,13.0666,923872.82,1196516.437
1577318400,13.0665,13.5466,13.023,13.1414,1061255.7,1178193.1845
1577404800,13.1349,13.2981,12.8927,13.2888,1109927.01,1171204.4205
1577491200,13.2888,13.72,13.2569,13.6779,1358908.6,1184260.772
1577577600,13.6788,14.2186,13.575,14.104,1608498.67,1216702.281
1577664000,14.0984,14.3796,13.78,13.8597,1255190.1,1229329.6760000002
1577750400,13.8597,14.0564,13.64,13.7161,970355.9,1237684.6885000002
1577836800,13.7159,13.8692,13.65,13.7184,940625.04,1247678.7655000002
1577923200,13.7072,13.7302,12.98,13.0105,971190.67,1252043.1210000003
1578009600,13.0104,13.75,12.9801,13.6474,1458450.49,1282912.9495
1578096000,13.6481,13.871,13.5102,13.8092,1231281.06,1305149.7155000002
1578182400,13.7978,14.3133,13.791,14.0532,1458003.02,1321544.7950000002
1578268800,14.0488,14.9873,14.0168,14.9471,1633712.04,1318926.6575000002
1578355200,14.9427,15.187,14.456,15.0226,1458769.7,1275763.664
1578441600,15.0212,15.32,14.2,14.5334,1497529.49,1281739.8535
1578528000,14.5334,14.5823,14.201,14.3978,1075088.98,1265614.303
1578614400,14.3806,15.0973,14.11,15.07,1572086.31,1281179.376
1578700800,15.0643,15.32,14.7111,14.9177,1397398.3,1275782.382
1578787200,14.9137,15.4707,14.8001,15.3366,2042903.51,1316614.957
1578873600,15.337,15.3572,14.9295,15.1736,1522093,1327357.0205
1578960000,15.1735,16.91,15.1659,16.6371,2711583.22,1416742.5405
1579046400,16.6301,18.19,16.27,17.6655,3041574.63,1515758.487
1579132800,17.6655,17.6923,16.31,17.0333,1842017.29,1552363.0009999997
1579219200,17.04,18.4849,17.04,18.0724,2734829.93,1621159.0674999997
1579305600,18.0763,18.3602,17.45,17.8088,1903293,1635898.7839999995
1579392000,17.7954,18.495,16.6666,17.388,2128210.74,1679549.8159999996
1579478400,17.3706,17.5516,16.8043,17.3235,1576499.08,1709856.9749999996
1579564800,17.3265,18.2,17.2228,18.1166,1923914.5,1759021.4479999996
1579651200,18.1107,18.4,17.55,17.8344,1607749.78,1790849.4034999995
1579737600,17.8344,17.8344,16.7441,17.0524,1363632.79,1786108.5184999995
1579824000,17.0813,17.4429,16.4288,17.1148,1411501.98,1795119.5644999992
1579910400,17.1133,17.1215,16.5685,16.9555,1211416.32,1782790.229499999
1579996800,16.9419,17.499,16.8315,17.499,1619344.75,1782071.864999999
1580083200,17.4919,17.95,17.2198,17.67,1562998.84,1787283.3219999992
1580169600,17.67,18.16,17.4466,18.0662,1916526.07,1808233.1509999991
1580256000,18.0614,18.4437,17.809,17.9134,1452764.7,1827116.9369999995
1580342400,17.9296,18.7027,17.7,18.5555,1787521.22,1837888.6824999992
1580428800,18.5557,18.88,17.8,18.2644,1647399.08,1850388.7214999993
1580515200,18.2644,18.5956,18.03,18.2752,1511588.86,1823822.9889999994
1580601600,18.2753,18.7714,17.8277,18.4333,1558716.52,1825654.1649999996
1580688000,18.4333,18.8763,18.1959,18.46,1314254.63,1755787.7354999997
1580774400,18.461,18.6158,17.87,18.1778,1215609.2,1664489.464
1580860800,18.1778,19.4583,18.1635,19.262,2068915.04,1675834.3515
1580947200,19.2686,19.389,19.03,19.3035,453519.57,1561768.8335000002